location,listing_link
Fulbaria,https://www.airbnb.com/rooms/31699739?adults=1&category_tag=Tag%3A8678&children=0&enable_m3_private_room=true&infants=0&pets=0&photo_id=661643306&search_mode=regular_search&check_in=2024-06-16&check_out=2024-06-21&source_impression_id=p3_1718486018_P3SvlItDHxwAvQpW&previous_page_section_name=1000&federated_search_id=119410bb-bf45-4f8d-8ad1-aba70806998d
Fulbaria,https://www.airbnb.com/rooms/940520727742642444?adults=1&children=0&enable_m3_private_room=true&infants=0&pets=0&search_mode=regular_search&check_in=2024-06-17&check_out=2024-06-22&source_impression_id=p3_1718486019_P3r6xLzKinFxRJRB&previous_page_section_name=1000&federated_search_id=119410bb-bf45-4f8d-8ad1-aba70806998d
Fulbaria,https://www.airbnb.com/rooms/1046307793726993129?adults=1&category_tag=Tag%3A8678&children=0&enable_m3_private_room=true&infants=0&pets=0&photo_id=1801267046&search_mode=regular_search&check_in=2024-06-17&check_out=2024-06-22&source_impression_id=p3_1718486019_P3c_8klGP_XzmpKN&previous_page_section_name=1000&federated_search_id=119410bb-bf45-4f8d-8ad1-aba70806998d
Fulbaria,https://www.airbnb.com/rooms/939792213264586127?adults=1&children=0&enable_m3_private_room=true&infants=0&pets=0&search_mode=regular_search&check_in=2024-06-17&check_out=2024-06-22&source_impression_id=p3_1718486019_P3Fcg8NvfpVIrWM9&previous_page_section_name=1000&federated_search_id=119410bb-bf45-4f8d-8ad1-aba70806998d
Fulbaria,https://www.airbnb.com/rooms/939792448900449118?adults=1&children=0&enable_m3_private_room=true&infants=0&pets=0&search_mode=regular_search&check_in=2024-06-17&check_out=2024-06-22&source_impression_id=p3_1718486019_P32di7nLDvQVAZtY&previous_page_section_name=1000&federated_search_id=119410bb-bf45-4f8d-8ad1-aba70806998d
Fulbaria,https://www.airbnb.com/rooms/31835593?adults=1&category_tag=Tag%3A8678&children=0&enable_m3_private_room=true&infants=0&pets=0&photo_id=677886391&search_mode=regular_search&check_in=2024-06-16&check_out=2024-06-21&source_impression_id=p3_1718486019_P3DDj8pB3b6q-zfE&previous_page_section_name=1000&federated_search_id=119410bb-bf45-4f8d-8ad1-aba70806998d
Fulbaria,https://www.airbnb.com/rooms/41777583?adults=1&category_tag=Tag%3A8678&children=0&enable_m3_private_room=true&infants=0&pets=0&photo_id=1091126580&search_mode=regular_search&check_in=2024-06-18&check_out=2024-06-23&source_impression_id=p3_1718486019_P3spRe4-hXngbiRu&previous_page_section_name=1000&federated_search_id=119410bb-bf45-4f8d-8ad1-aba70806998d
Fulbaria,https://www.airbnb.com/rooms/941751079586715123?adults=1&children=0&enable_m3_private_room=true&infants=0&pets=0&search_mode=regular_search&check_in=2024-06-16&check_out=2024-06-21&source_impression_id=p3_1718486019_P3l5xVjj1KQ0Ys-C&previous_page_section_name=1000&federated_search_id=119410bb-bf45-4f8d-8ad1-aba70806998d
Fulbaria,https://www.airbnb.com/rooms/955623987767088895?adults=1&children=0&enable_m3_private_room=true&infants=0&pets=0&search_mode=regular_search&check_in=2024-06-17&check_out=2024-06-22&source_impression_id=p3_1718486019_P3gRUcUCrNho_vFv&previous_page_section_name=1000&federated_search_id=119410bb-bf45-4f8d-8ad1-aba70806998d
Fulbaria,https://www.airbnb.com/rooms/939792560459807640?adults=1&children=0&enable_m3_private_room=true&infants=0&pets=0&search_mode=regular_search&check_in=2024-06-17&check_out=2024-06-22&source_impression_id=p3_1718486019_P3lj7DBHEH7yi-7u&previous_page_section_name=1000&federated_search_id=119410bb-bf45-4f8d-8ad1-aba70806998d
Fulbaria,https://www.airbnb.com/rooms/955586334811661891?adults=1&children=0&enable_m3_private_room=true&infants=0&pets=0&search_mode=regular_search&check_in=2024-06-17&check_out=2024-06-22&source_impression_id=p3_1718486019_P3bB7hZmcBhZmy8C&previous_page_section_name=1000&federated_search_id=119410bb-bf45-4f8d-8ad1-aba70806998d
Fulbaria,https://www.airbnb.com/rooms/52414967?adults=1&children=0&enable_m3_private_room=true&infants=0&pets=0&search_mode=regular_search&check_in=2024-06-18&check_out=2024-06-23&source_impression_id=p3_1718486019_P3kZjAa4lrGX0irT&previous_page_section_name=1000&federated_search_id=119410bb-bf45-4f8d-8ad1-aba70806998d
Fulbaria,https://www.airbnb.com/rooms/956543652446497437?adults=1&children=0&enable_m3_private_room=true&infants=0&pets=0&search_mode=regular_search&check_in=2024-06-17&check_out=2024-06-22&source_impression_id=p3_1718486019_P3TdfndiPuHaDGqO&previous_page_section_name=1000&federated_search_id=119410bb-bf45-4f8d-8ad1-aba70806998d
Fulbaria,https://www.airbnb.com/rooms/956326831650304461?adults=1&children=0&enable_m3_private_room=true&infants=0&pets=0&search_mode=regular_search&check_in=2024-06-17&check_out=2024-06-22&source_impression_id=p3_1718486019_P38PgZUf1_Hfh0ET&previous_page_section_name=1000&federated_search_id=119410bb-bf45-4f8d-8ad1-aba70806998d
Fulbaria,https://www.airbnb.com/rooms/956303219684413120?adults=1&children=0&enable_m3_private_room=true&infants=0&pets=0&search_mode=regular_search&check_in=2024-06-17&check_out=2024-06-22&source_impression_id=p3_1718486019_P3vM1Xlw8R7Lpm6b&previous_page_section_name=1000&federated_search_id=119410bb-bf45-4f8d-8ad1-aba70806998d
Fulbaria,https://www.airbnb.com/rooms/956527927903404195?adults=1&children=0&enable_m3_private_room=true&infants=0&pets=0&search_mode=regular_search&check_in=2024-06-17&check_out=2024-06-22&source_impression_id=p3_1718486019_P3Y7U29QJdn6_lPz&previous_page_section_name=1000&federated_search_id=119410bb-bf45-4f8d-8ad1-aba70806998d
Netrokona,https://www.airbnb.com/rooms/1140986695871459144?adults=1&children=0&enable_m3_private_room=true&infants=0&pets=0&search_mode=regular_search&check_in=2024-06-16&check_out=2024-06-21&source_impression_id=p3_1718486026_P3lkBNUzUtrLMbR3&previous_page_section_name=1000&federated_search_id=cfeb1c1b-92a1-44a9-a5bb-947256db21e1
Netrokona,https://www.airbnb.com/rooms/725826115252308348?adults=1&category_tag=Tag%3A8678&children=0&enable_m3_private_room=true&infants=0&pets=0&photo_id=1499252111&search_mode=regular_search&check_in=2024-06-16&check_out=2024-06-21&source_impression_id=p3_1718486027_P3nzt3NXGNlO0_0T&previous_page_section_name=1000&federated_search_id=cfeb1c1b-92a1-44a9-a5bb-947256db21e1
Netrokona,https://www.airbnb.com/rooms/654626035121764171?adults=1&category_tag=Tag%3A8678&children=0&enable_m3_private_room=true&infants=0&pets=0&photo_id=1428960591&search_mode=regular_search&check_in=2024-06-16&check_out=2024-06-21&source_impression_id=p3_1718486027_P3LMtL2OKDIIpd15&previous_page_section_name=1000&federated_search_id=cfeb1c1b-92a1-44a9-a5bb-947256db21e1
Netrokona,https://www.airbnb.com/rooms/723772257480022602?adults=1&category_tag=Tag%3A8678&children=0&enable_m3_private_room=true&infants=0&pets=0&photo_id=1497335159&search_mode=regular_search&check_in=2024-06-16&check_out=2024-06-21&source_impression_id=p3_1718486027_P3tyjFwa73gutzCj&previous_page_section_name=1000&federated_search_id=cfeb1c1b-92a1-44a9-a5bb-947256db21e1
Netrokona,https://www.airbnb.com/rooms/940520727742642444?adults=1&children=0&enable_m3_private_room=true&infants=0&pets=0&search_mode=regular_search&check_in=2024-06-17&check_out=2024-06-22&source_impression_id=p3_1718486027_P3tkZ0JI3KF9g74d&previous_page_section_name=1000&federated_search_id=cfeb1c1b-92a1-44a9-a5bb-947256db21e1
Netrokona,https://www.airbnb.com/rooms/49623463?adults=1&children=0&enable_m3_private_room=true&infants=0&pets=0&search_mode=regular_search&check_in=2024-06-16&check_out=2024-06-21&source_impression_id=p3_1718486027_P3SzcEpy7dlqviUw&previous_page_section_name=1000&federated_search_id=cfeb1c1b-92a1-44a9-a5bb-947256db21e1
Islampur,https://www.airbnb.com/rooms/836587062747611135?adults=1&children=0&enable_m3_private_room=true&infants=0&pets=0&search_mode=regular_search&check_in=2024-06-16&check_out=2024-06-21&source_impression_id=p3_1718486034_P3sh54Rp_hFaQ3vi&previous_page_section_name=1000&federated_search_id=34618739-5f2a-448b-8901-723da944967c
Islampur,https://www.airbnb.com/rooms/638716624731813872?adults=1&children=0&enable_m3_private_room=true&infants=0&pets=0&search_mode=regular_search&check_in=2024-06-16&check_out=2024-06-21&source_impression_id=p3_1718486035_P32bNqs0WGb9SzUa&previous_page_section_name=1000&federated_search_id=34618739-5f2a-448b-8901-723da944967c
Islampur,https://www.airbnb.com/rooms/638718552623369414?adults=1&children=0&enable_m3_private_room=true&infants=0&pets=0&search_mode=regular_search&check_in=2024-06-16&check_out=2024-06-21&source_impression_id=p3_1718486035_P3-ol6zyXCqRVaTh&previous_page_section_name=1000&federated_search_id=34618739-5f2a-448b-8901-723da944967c
Islampur,https://www.airbnb.com/rooms/638711240460238783?adults=1&children=0&enable_m3_private_room=true&infants=0&pets=0&search_mode=regular_search&check_in=2024-06-16&check_out=2024-06-21&source_impression_id=p3_1718486035_P3N50QxH2DN2OqXc&previous_page_section_name=1000&federated_search_id=34618739-5f2a-448b-8901-723da944967c
Islampur,https://www.airbnb.com/rooms/638704491500443775?adults=1&children=0&enable_m3_private_room=true&infants=0&pets=0&search_mode=regular_search&check_in=2024-06-16&check_out=2024-06-21&source_impression_id=p3_1718486035_P3atX7-k6XFJYwtB&previous_page_section_name=1000&federated_search_id=34618739-5f2a-448b-8901-723da944967c
Islampur,https://www.airbnb.com/rooms/638706522261823289?adults=1&children=0&enable_m3_private_room=true&infants=0&pets=0&search_mode=regular_search&check_in=2024-06-16&check_out=2024-06-21&source_impression_id=p3_1718486035_P39tPzVcEPqCSIKH&previous_page_section_name=1000&federated_search_id=34618739-5f2a-448b-8901-723da944967c
Islampur,https://www.airbnb.com/rooms/638725583766791107?adults=1&children=0&enable_m3_private_room=true&infants=0&pets=0&search_mode=regular_search&check_in=2024-06-16&check_out=2024-06-21&source_impression_id=p3_1718486035_P3wQ_tdwq7-twH_t&previous_page_section_name=1000&federated_search_id=34618739-5f2a-448b-8901-723da944967c
Islampur,https://www.airbnb.com/rooms/638729505098617775?adults=1&children=0&enable_m3_private_room=true&infants=0&pets=0&search_mode=regular_search&check_in=2024-06-16&check_out=2024-06-21&source_impression_id=p3_1718486035_P30WByEU_WoQdBrZ&previous_page_section_name=1000&federated_search_id=34618739-5f2a-448b-8901-723da944967c
Islampur,https://www.airbnb.com/rooms/638702274145385636?adults=1&children=0&enable_m3_private_room=true&infants=0&pets=0&search_mode=regular_search&check_in=2024-06-16&check_out=2024-06-21&source_impression_id=p3_1718486035_P3VPjG6H-qRtpZg_&previous_page_section_name=1000&federated_search_id=34618739-5f2a-448b-8901-723da944967c
Islampur,https://www.airbnb.com/rooms/638689738643900580?adults=1&children=0&enable_m3_private_room=true&infants=0&pets=0&search_mode=regular_search&check_in=2024-06-16&check_out=2024-06-21&source_impression_id=p3_1718486035_P3c_I9PgMBjjhqj4&previous_page_section_name=1000&federated_search_id=34618739-5f2a-448b-8901-723da944967c
Naogaon,https://www.airbnb.com/rooms/735174287030099737?adults=1&category_tag=Tag%3A8678&children=0&enable_m3_private_room=true&infants=0&pets=0&photo_id=1506611006&search_mode=regular_search&check_in=2024-06-19&check_out=2024-06-24&source_impression_id=p3_1718486042_P3cHgEf0y1C05f2z&previous_page_section_name=1000&federated_search_id=45ff52ff-3934-450d-9d3c-68a8d531aab2
Sylhet,https://www.airbnb.com/rooms/1175214460949119039?adults=1&children=0&enable_m3_private_room=true&infants=0&pets=0&search_mode=regular_search&check_in=2024-06-16&check_out=2024-06-21&source_impression_id=p3_1718486053_P3E32cdDmPURrkdi&previous_page_section_name=1000&federated_search_id=4d836451-1752-4671-a38f-6474f1b114a1
Sylhet,https://www.airbnb.com/rooms/1145430286098826789?adults=1&children=0&enable_m3_private_room=true&infants=0&pets=0&search_mode=regular_search&check_in=2024-06-17&check_out=2024-06-22&source_impression_id=p3_1718486057_P3vRzL0F1eabk6zP&previous_page_section_name=1000&federated_search_id=e15639e4-d2c5-4b22-8636-d2d986e0d3fd
Sylhet,https://www.airbnb.com/rooms/43796972?adults=1&children=0&enable_m3_private_room=true&infants=0&pets=0&search_mode=regular_search&check_in=2024-06-19&check_out=2024-06-24&source_impression_id=p3_1718486058_P3VIzQsslKF-DpNp&previous_page_section_name=1000&federated_search_id=e15639e4-d2c5-4b22-8636-d2d986e0d3fd
Sylhet,https://www.airbnb.com/rooms/1152135454177267826?adults=1&children=0&enable_m3_private_room=true&infants=0&pets=0&search_mode=regular_search&check_in=2024-06-18&check_out=2024-06-23&source_impression_id=p3_1718486058_P3_O5sOfuTHIUALA&previous_page_section_name=1000&federated_search_id=e15639e4-d2c5-4b22-8636-d2d986e0d3fd
Sylhet,https://www.airbnb.com/rooms/40499174?adults=1&children=0&enable_m3_private_room=true&infants=0&pets=0&search_mode=regular_search&check_in=2024-06-16&check_out=2024-06-21&source_impression_id=p3_1718486058_P3vEx1P67gvHTBE8&previous_page_section_name=1000&federated_search_id=e15639e4-d2c5-4b22-8636-d2d986e0d3fd
Sylhet,https://www.airbnb.com/rooms/1155876387919176161?adults=1&children=0&enable_m3_private_room=true&infants=0&pets=0&search_mode=regular_search&check_in=2024-07-11&check_out=2024-07-16&source_impression_id=p3_1718486058_P3G1kwvN12RKZ8-8&previous_page_section_name=1000&federated_search_id=e15639e4-d2c5-4b22-8636-d2d986e0d3fd
Sylhet,https://www.airbnb.com/rooms/618368580136590834?adults=1&children=0&enable_m3_private_room=true&infants=0&pets=0&search_mode=regular_search&check_in=2024-06-16&check_out=2024-06-21&source_impression_id=p3_1718486058_P3uk44q-QqaWhWaj&previous_page_section_name=1000&federated_search_id=e15639e4-d2c5-4b22-8636-d2d986e0d3fd
Sylhet,https://www.airbnb.com/rooms/1155122598560051514?adults=1&children=0&enable_m3_private_room=true&infants=0&pets=0&search_mode=regular_search&check_in=2024-06-17&check_out=2024-06-22&source_impression_id=p3_1718486058_P3c5P5FTDBh3FLQO&previous_page_section_name=1000&federated_search_id=e15639e4-d2c5-4b22-8636-d2d986e0d3fd
Sylhet,https://www.airbnb.com/rooms/1064645123030426587?adults=1&children=0&enable_m3_private_room=true&infants=0&pets=0&search_mode=regular_search&check_in=2024-06-17&check_out=2024-06-22&source_impression_id=p3_1718486058_P35b842bMLn15NQV&previous_page_section_name=1000&federated_search_id=e15639e4-d2c5-4b22-8636-d2d986e0d3fd
Sylhet,https://www.airbnb.com/rooms/1124643447547539065?adults=1&children=0&enable_m3_private_room=true&infants=0&pets=0&search_mode=regular_search&check_in=2024-06-17&check_out=2024-06-22&source_impression_id=p3_1718486058_P3czYZgzbqSshw-F&previous_page_section_name=1000&federated_search_id=e15639e4-d2c5-4b22-8636-d2d986e0d3fd
Sylhet,https://www.airbnb.com/rooms/52056087?adults=1&children=0&enable_m3_private_room=true&infants=0&pets=0&search_mode=regular_search&check_in=2024-06-16&check_out=2024-06-21&source_impression_id=p3_1718486058_P3Vl-QNVsAcpk1ql&previous_page_section_name=1000&federated_search_id=e15639e4-d2c5-4b22-8636-d2d986e0d3fd
Sylhet,https://www.airbnb.com/rooms/39988717?adults=1&children=0&enable_m3_private_room=true&infants=0&pets=0&search_mode=regular_search&check_in=2024-06-17&check_out=2024-06-22&source_impression_id=p3_1718486058_P36gXSu0G9iuxoM2&previous_page_section_name=1000&federated_search_id=e15639e4-d2c5-4b22-8636-d2d986e0d3fd
Sylhet,https://www.airbnb.com/rooms/1097173110871453638?adults=1&children=0&enable_m3_private_room=true&infants=0&pets=0&search_mode=regular_search&check_in=2024-06-18&check_out=2024-06-23&source_impression_id=p3_1718486058_P3UodjTiTK1zbmxp&previous_page_section_name=1000&federated_search_id=e15639e4-d2c5-4b22-8636-d2d986e0d3fd
Sylhet,https://www.airbnb.com/rooms/1014634844785096165?adults=1&children=0&enable_m3_private_room=true&infants=0&pets=0&search_mode=regular_search&check_in=2024-06-16&check_out=2024-06-21&source_impression_id=p3_1718486058_P3eBMmBcAsQgCRoM&previous_page_section_name=1000&federated_search_id=e15639e4-d2c5-4b22-8636-d2d986e0d3fd
Sylhet,https://www.airbnb.com/rooms/36102528?adults=1&children=0&enable_m3_private_room=true&infants=0&pets=0&search_mode=regular_search&check_in=2024-06-16&check_out=2024-06-21&source_impression_id=p3_1718486058_P3CskU6mhfIX1I4J&previous_page_section_name=1000&federated_search_id=e15639e4-d2c5-4b22-8636-d2d986e0d3fd
Sylhet,https://www.airbnb.com/rooms/912077614566458777?adults=1&children=0&enable_m3_private_room=true&infants=0&pets=0&search_mode=regular_search&check_in=2024-06-17&check_out=2024-06-24&source_impression_id=p3_1718486058_P3Kq1BtHAwR6Sk8s&previous_page_section_name=1000&federated_search_id=e15639e4-d2c5-4b22-8636-d2d986e0d3fd
Sylhet,https://www.airbnb.com/rooms/42148134?adults=1&children=0&enable_m3_private_room=true&infants=0&pets=0&search_mode=regular_search&check_in=2024-06-16&check_out=2024-06-21&source_impression_id=p3_1718486058_P3Cxpthe1tSfpAfW&previous_page_section_name=1000&federated_search_id=e15639e4-d2c5-4b22-8636-d2d986e0d3fd
Sylhet,https://www.airbnb.com/rooms/1026552804723400436?adults=1&children=0&enable_m3_private_room=true&infants=0&pets=0&search_mode=regular_search&check_in=2024-06-17&check_out=2024-06-22&source_impression_id=p3_1718486058_P3dzu_vT3NznkMaX&previous_page_section_name=1000&federated_search_id=e15639e4-d2c5-4b22-8636-d2d986e0d3fd
Sylhet,https://www.airbnb.com/rooms/53943255?adults=1&children=0&enable_m3_private_room=true&infants=0&pets=0&search_mode=regular_search&check_in=2024-06-16&check_out=2024-06-21&source_impression_id=p3_1718486058_P3NCafEoU6TUefcO&previous_page_section_name=1000&federated_search_id=e15639e4-d2c5-4b22-8636-d2d986e0d3fd
Sylhet,https://www.airbnb.com/rooms/35508148?adults=1&children=0&enable_m3_private_room=true&infants=0&pets=0&search_mode=regular_search&check_in=2024-06-17&check_out=2024-06-24&source_impression_id=p3_1718486060_P3GZXqwE1lRKmyDG&previous_page_section_name=1000&federated_search_id=2f2f5244-e838-4de0-af38-a256090d5a7b
Sylhet,https://www.airbnb.com/rooms/53172512?adults=1&children=0&enable_m3_private_room=true&infants=0&pets=0&search_mode=regular_search&check_in=2024-06-16&check_out=2024-06-21&source_impression_id=p3_1718486060_P3tgY9wtPyRjPD_4&previous_page_section_name=1000&federated_search_id=2f2f5244-e838-4de0-af38-a256090d5a7b
Sylhet,https://www.airbnb.com/rooms/1078684095489282080?adults=1&children=0&enable_m3_private_room=true&infants=0&pets=0&search_mode=regular_search&check_in=2024-08-01&check_out=2024-08-06&source_impression_id=p3_1718486060_P3EVNvqcizx0XG4N&previous_page_section_name=1000&federated_search_id=2f2f5244-e838-4de0-af38-a256090d5a7b
Sylhet,https://www.airbnb.com/rooms/653182073739848007?adults=1&children=0&enable_m3_private_room=true&infants=0&pets=0&search_mode=regular_search&check_in=2024-07-04&check_out=2024-07-09&source_impression_id=p3_1718486060_P3hhVV7g5n1nr-W1&previous_page_section_name=1000&federated_search_id=2f2f5244-e838-4de0-af38-a256090d5a7b
Sylhet,https://www.airbnb.com/rooms/53349480?adults=1&children=0&enable_m3_private_room=true&infants=0&pets=0&search_mode=regular_search&check_in=2024-06-16&check_out=2024-06-21&source_impression_id=p3_1718486060_P32Gk2G1Z4ydml6I&previous_page_section_name=1000&federated_search_id=2f2f5244-e838-4de0-af38-a256090d5a7b
Sylhet,https://www.airbnb.com/rooms/898843822406678872?adults=1&children=0&enable_m3_private_room=true&infants=0&pets=0&search_mode=regular_search&check_in=2025-01-01&check_out=2025-01-06&source_impression_id=p3_1718486060_P3OT3qiVqxOCE3fP&previous_page_section_name=1000&federated_search_id=2f2f5244-e838-4de0-af38-a256090d5a7b
Sylhet,https://www.airbnb.com/rooms/1068890638156846555?adults=1&children=0&enable_m3_private_room=true&infants=0&pets=0&search_mode=regular_search&check_in=2024-06-17&check_out=2024-06-22&source_impression_id=p3_1718486060_P3jyCHO7y7PRfASR&previous_page_section_name=1000&federated_search_id=2f2f5244-e838-4de0-af38-a256090d5a7b
Sylhet,https://www.airbnb.com/rooms/40002746?adults=1&children=0&enable_m3_private_room=true&infants=0&pets=0&search_mode=regular_search&check_in=2024-06-17&check_out=2024-06-22&source_impression_id=p3_1718486060_P3QKXOBluKXgdeKX&previous_page_section_name=1000&federated_search_id=2f2f5244-e838-4de0-af38-a256090d5a7b
Sylhet,https://www.airbnb.com/rooms/717880417474794865?adults=1&children=0&enable_m3_private_room=true&infants=0&pets=0&search_mode=regular_search&check_in=2024-06-16&check_out=2024-06-21&source_impression_id=p3_1718486060_P3WzLQfu3CJTlWVP&previous_page_section_name=1000&federated_search_id=2f2f5244-e838-4de0-af38-a256090d5a7b
Sylhet,https://www.airbnb.com/rooms/38720028?adults=1&category_tag=Tag%3A8678&children=0&enable_m3_private_room=true&infants=0&pets=0&photo_id=857908058&search_mode=regular_search&check_in=2024-06-17&check_out=2024-06-22&source_impression_id=p3_1718486060_P3TiAp-h__fUtcYq&previous_page_section_name=1000&federated_search_id=2f2f5244-e838-4de0-af38-a256090d5a7b
Sylhet,https://www.airbnb.com/rooms/42906748?adults=1&category_tag=Tag%3A8678&children=0&enable_m3_private_room=true&infants=0&pets=0&photo_id=986150988&search_mode=regular_search&check_in=2024-06-16&check_out=2024-06-21&source_impression_id=p3_1718486060_P3QAkaOjjwepuxsr&previous_page_section_name=1000&federated_search_id=2f2f5244-e838-4de0-af38-a256090d5a7b
Sylhet,https://www.airbnb.com/rooms/1129400774326716400?adults=1&children=0&enable_m3_private_room=true&infants=0&pets=0&search_mode=regular_search&check_in=2024-06-17&check_out=2024-06-22&source_impression_id=p3_1718486060_P3sD5rZX0krA60-s&previous_page_section_name=1000&federated_search_id=2f2f5244-e838-4de0-af38-a256090d5a7b
Sylhet,https://www.airbnb.com/rooms/878895109031927667?adults=1&children=0&enable_m3_private_room=true&infants=0&pets=0&search_mode=regular_search&check_in=2024-06-16&check_out=2024-06-21&source_impression_id=p3_1718486060_P3W80fgeSAhesYCx&previous_page_section_name=1000&federated_search_id=2f2f5244-e838-4de0-af38-a256090d5a7b
Sylhet,https://www.airbnb.com/rooms/868313558857269584?adults=1&children=0&enable_m3_private_room=true&infants=0&pets=0&search_mode=regular_search&check_in=2024-06-16&check_out=2024-06-21&source_impression_id=p3_1718486060_P3HuAm-EBkVpYMSJ&previous_page_section_name=1000&federated_search_id=2f2f5244-e838-4de0-af38-a256090d5a7b
Sylhet,https://www.airbnb.com/rooms/974033559558239104?adults=1&children=0&enable_m3_private_room=true&infants=0&pets=0&search_mode=regular_search&check_in=2024-06-16&check_out=2024-06-21&source_impression_id=p3_1718486060_P3uK7xViClZk_jP3&previous_page_section_name=1000&federated_search_id=2f2f5244-e838-4de0-af38-a256090d5a7b
Sylhet,https://www.airbnb.com/rooms/1008133723037750735?adults=1&children=0&enable_m3_private_room=true&infants=0&pets=0&search_mode=regular_search&check_in=2024-06-16&check_out=2024-06-21&source_impression_id=p3_1718486060_P3c100rejOH7Z_yF&previous_page_section_name=1000&federated_search_id=2f2f5244-e838-4de0-af38-a256090d5a7b
Sylhet,https://www.airbnb.com/rooms/1023141116224036443?adults=1&children=0&enable_m3_private_room=true&infants=0&pets=0&search_mode=regular_search&check_in=2024-06-17&check_out=2024-06-22&source_impression_id=p3_1718486060_P3t-eUKFNoQrqlke&previous_page_section_name=1000&federated_search_id=2f2f5244-e838-4de0-af38-a256090d5a7b
Sylhet,https://www.airbnb.com/rooms/51670606?adults=1&children=0&enable_m3_private_room=true&infants=0&pets=0&search_mode=regular_search&check_in=2024-06-16&check_out=2024-06-21&source_impression_id=p3_1718486060_P3o8KFM_sV0YwahW&previous_page_section_name=1000&federated_search_id=2f2f5244-e838-4de0-af38-a256090d5a7b
Sylhet,https://www.airbnb.com/rooms/1087963471504143129?adults=1&children=0&enable_m3_private_room=true&infants=0&pets=0&search_mode=regular_search&check_in=2024-06-16&check_out=2024-06-21&source_impression_id=p3_1718486062_P3GoCKyoV-tokdfL&previous_page_section_name=1000&federated_search_id=59b65bef-fa36-4f0d-b136-525a47f33b86
Sylhet,https://www.airbnb.com/rooms/37000408?adults=1&children=0&enable_m3_private_room=true&infants=0&pets=0&search_mode=regular_search&check_in=2024-06-17&check_out=2024-06-22&source_impression_id=p3_1718486062_P3beaCUQ5lsJ9Jui&previous_page_section_name=1000&federated_search_id=59b65bef-fa36-4f0d-b136-525a47f33b86
Sylhet,https://www.airbnb.com/rooms/975418827566861168?adults=1&children=0&enable_m3_private_room=true&infants=0&pets=0&search_mode=regular_search&check_in=2024-06-16&check_out=2024-06-21&source_impression_id=p3_1718486062_P38FWwKi02HldiRW&previous_page_section_name=1000&federated_search_id=59b65bef-fa36-4f0d-b136-525a47f33b86
Sylhet,https://www.airbnb.com/rooms/988871433322254553?adults=1&children=0&enable_m3_private_room=true&infants=0&pets=0&search_mode=regular_search&check_in=2024-06-17&check_out=2024-06-22&source_impression_id=p3_1718486062_P3TBgy1aqSP1SObF&previous_page_section_name=1000&federated_search_id=59b65bef-fa36-4f0d-b136-525a47f33b86
Sylhet,https://www.airbnb.com/rooms/675062423579394777?adults=1&category_tag=Tag%3A8678&children=0&enable_m3_private_room=true&infants=0&pets=0&photo_id=1451911663&search_mode=regular_search&check_in=2024-06-16&check_out=2024-06-21&source_impression_id=p3_1718486062_P3mQ13EycP-RFCcK&previous_page_section_name=1000&federated_search_id=59b65bef-fa36-4f0d-b136-525a47f33b86
Sylhet,https://www.airbnb.com/rooms/560605249325105955?adults=1&children=0&enable_m3_private_room=true&infants=0&pets=0&search_mode=regular_search&check_in=2024-06-16&check_out=2024-06-21&source_impression_id=p3_1718486063_P3vncXV-yvhjK1T8&previous_page_section_name=1000&federated_search_id=59b65bef-fa36-4f0d-b136-525a47f33b86
Sylhet,https://www.airbnb.com/rooms/33060179?adults=1&children=0&enable_m3_private_room=true&infants=0&pets=0&search_mode=regular_search&check_in=2024-06-17&check_out=2024-06-22&source_impression_id=p3_1718486063_P38ovaOxH9hnLT7X&previous_page_section_name=1000&federated_search_id=59b65bef-fa36-4f0d-b136-525a47f33b86
Sylhet,https://www.airbnb.com/rooms/888166341837100522?adults=1&category_tag=Tag%3A8678&children=0&enable_m3_private_room=true&infants=0&pets=0&photo_id=1648277878&search_mode=regular_search&check_in=2024-06-17&check_out=2024-06-22&source_impression_id=p3_1718486063_P3vveqshnQtEPfKP&previous_page_section_name=1000&federated_search_id=59b65bef-fa36-4f0d-b136-525a47f33b86
Sylhet,https://www.airbnb.com/rooms/43075185?adults=1&children=0&enable_m3_private_room=true&infants=0&pets=0&search_mode=regular_search&check_in=2024-06-17&check_out=2024-06-24&source_impression_id=p3_1718486063_P3o320BrfkhODipb&previous_page_section_name=1000&federated_search_id=59b65bef-fa36-4f0d-b136-525a47f33b86
Sylhet,https://www.airbnb.com/rooms/830177354253232714?adults=1&category_tag=Tag%3A8678&children=0&enable_m3_private_room=true&infants=0&pets=0&photo_id=1625254693&search_mode=regular_search&check_in=2024-06-16&check_out=2024-06-21&source_impression_id=p3_1718486063_P3f0IXyvz4Sl35d3&previous_page_section_name=1000&federated_search_id=59b65bef-fa36-4f0d-b136-525a47f33b86
Sylhet,https://www.airbnb.com/rooms/959126091829964470?adults=1&children=0&enable_m3_private_room=true&infants=0&pets=0&search_mode=regular_search&check_in=2024-06-23&check_out=2024-06-30&source_impression_id=p3_1718486063_P3bYZspxApxzr_5M&previous_page_section_name=1000&federated_search_id=59b65bef-fa36-4f0d-b136-525a47f33b86
Sylhet,https://www.airbnb.com/rooms/1076517757565274321?adults=1&children=0&enable_m3_private_room=true&infants=0&pets=0&search_mode=regular_search&check_in=2024-06-17&check_out=2024-06-22&source_impression_id=p3_1718486063_P3ZpeHOl1UJjJrcT&previous_page_section_name=1000&federated_search_id=59b65bef-fa36-4f0d-b136-525a47f33b86
Sylhet,https://www.airbnb.com/rooms/830403464799580096?adults=1&children=0&enable_m3_private_room=true&infants=0&pets=0&search_mode=regular_search&check_in=2024-06-17&check_out=2024-06-22&source_impression_id=p3_1718486063_P3c36c5c0GJ48bxL&previous_page_section_name=1000&federated_search_id=59b65bef-fa36-4f0d-b136-525a47f33b86
Sylhet,https://www.airbnb.com/rooms/844847005329719330?adults=1&children=0&enable_m3_private_room=true&infants=0&pets=0&search_mode=regular_search&check_in=2024-06-17&check_out=2024-06-23&source_impression_id=p3_1718486063_P3MmOpu2UsYUUlar&previous_page_section_name=1000&federated_search_id=59b65bef-fa36-4f0d-b136-525a47f33b86
Sylhet,https://www.airbnb.com/rooms/29954888?adults=1&category_tag=Tag%3A8678&children=0&enable_m3_private_room=true&infants=0&pets=0&photo_id=680573274&search_mode=regular_search&check_in=2024-06-16&check_out=2024-06-21&source_impression_id=p3_1718486063_P37zALDxNy0MxK2d&previous_page_section_name=1000&federated_search_id=59b65bef-fa36-4f0d-b136-525a47f33b86
Sylhet,https://www.airbnb.com/rooms/42723197?adults=1&category_tag=Tag%3A8678&children=0&enable_m3_private_room=true&infants=0&pets=0&photo_id=985269629&search_mode=regular_search&check_in=2024-06-16&check_out=2024-06-21&source_impression_id=p3_1718486063_P3_R6C22kYZNwX_D&previous_page_section_name=1000&federated_search_id=59b65bef-fa36-4f0d-b136-525a47f33b86
Sylhet,https://www.airbnb.com/rooms/29481026?adults=1&category_tag=Tag%3A8678&children=0&enable_m3_private_room=true&infants=0&pets=0&photo_id=833255973&search_mode=regular_search&check_in=2024-06-16&check_out=2024-06-21&source_impression_id=p3_1718486063_P3sINKbX-xtW6wBS&previous_page_section_name=1000&federated_search_id=59b65bef-fa36-4f0d-b136-525a47f33b86
Sylhet,https://www.airbnb.com/rooms/703533849743168694?adults=1&children=0&enable_m3_private_room=true&infants=0&pets=0&search_mode=regular_search&check_in=2024-06-16&check_out=2024-06-21&source_impression_id=p3_1718486063_P352UutZklAqEiIB&previous_page_section_name=1000&federated_search_id=59b65bef-fa36-4f0d-b136-525a47f33b86
Sylhet,https://www.airbnb.com/rooms/830177364393512489?adults=1&category_tag=Tag%3A8678&children=0&enable_m3_private_room=true&infants=0&pets=0&photo_id=1594137651&search_mode=regular_search&check_in=2024-06-16&check_out=2024-06-21&source_impression_id=p3_1718486064_P3SdaouKc0ZLBsdq&previous_page_section_name=1000&federated_search_id=b94818ae-6166-46f7-aafe-023ff7dcbbb7
Sylhet,https://www.airbnb.com/rooms/755131520964631244?adults=1&children=0&enable_m3_private_room=true&infants=0&pets=0&search_mode=regular_search&check_in=2024-06-23&check_out=2024-06-28&source_impression_id=p3_1718486065_P3pm6S5HjXePXSQC&previous_page_section_name=1000&federated_search_id=b94818ae-6166-46f7-aafe-023ff7dcbbb7
Sylhet,https://www.airbnb.com/rooms/943557418295666098?adults=1&children=0&enable_m3_private_room=true&infants=0&pets=0&search_mode=regular_search&check_in=2024-06-23&check_out=2024-06-28&source_impression_id=p3_1718486065_P32UrOGQcU8Bamps&previous_page_section_name=1000&federated_search_id=b94818ae-6166-46f7-aafe-023ff7dcbbb7
Sylhet,https://www.airbnb.com/rooms/750684088218567435?adults=1&children=0&enable_m3_private_room=true&infants=0&pets=0&search_mode=regular_search&check_in=2024-06-16&check_out=2024-06-21&source_impression_id=p3_1718486065_P39KpB1D30bTVzLt&previous_page_section_name=1000&federated_search_id=b94818ae-6166-46f7-aafe-023ff7dcbbb7
Sylhet,https://www.airbnb.com/rooms/695287941856374829?adults=1&children=0&enable_m3_private_room=true&infants=0&pets=0&search_mode=regular_search&check_in=2024-09-17&check_out=2024-09-22&source_impression_id=p3_1718486065_P3Uzbo0LoR8l1sVv&previous_page_section_name=1000&federated_search_id=b94818ae-6166-46f7-aafe-023ff7dcbbb7
Sylhet,https://www.airbnb.com/rooms/550429177835566377?adults=1&category_tag=Tag%3A8678&children=0&enable_m3_private_room=true&infants=0&pets=0&photo_id=1330294544&search_mode=regular_search&check_in=2024-06-16&check_out=2024-06-21&source_impression_id=p3_1718486065_P3eI7Jd2-qq0LbHP&previous_page_section_name=1000&federated_search_id=b94818ae-6166-46f7-aafe-023ff7dcbbb7
Sylhet,https://www.airbnb.com/rooms/1065014935392888340?adults=1&children=0&enable_m3_private_room=true&infants=0&pets=0&search_mode=regular_search&check_in=2024-06-17&check_out=2024-06-22&source_impression_id=p3_1718486065_P3elWXPvrVP0dIeD&previous_page_section_name=1000&federated_search_id=b94818ae-6166-46f7-aafe-023ff7dcbbb7
Sylhet,https://www.airbnb.com/rooms/960610587024751487?adults=1&children=0&enable_m3_private_room=true&infants=0&pets=0&search_mode=regular_search&check_in=2024-06-16&check_out=2024-06-21&source_impression_id=p3_1718486065_P3JCTLz-cdl2lwIG&previous_page_section_name=1000&federated_search_id=b94818ae-6166-46f7-aafe-023ff7dcbbb7
Sylhet,https://www.airbnb.com/rooms/750031948780477980?adults=1&children=0&enable_m3_private_room=true&infants=0&pets=0&search_mode=regular_search&check_in=2024-06-16&check_out=2024-06-21&source_impression_id=p3_1718486065_P3opspuT6rZXhKri&previous_page_section_name=1000&federated_search_id=b94818ae-6166-46f7-aafe-023ff7dcbbb7
Sylhet,https://www.airbnb.com/rooms/1057176385305757423?adults=1&category_tag=Tag%3A8678&children=0&enable_m3_private_room=true&infants=0&pets=0&photo_id=1812445301&search_mode=regular_search&check_in=2024-06-16&check_out=2024-06-21&source_impression_id=p3_1718486065_P3J65a8BU78hmtA6&previous_page_section_name=1000&federated_search_id=b94818ae-6166-46f7-aafe-023ff7dcbbb7
Sylhet,https://www.airbnb.com/rooms/617267969546375129?adults=1&category_tag=Tag%3A8678&children=0&enable_m3_private_room=true&infants=0&pets=0&photo_id=1391188670&search_mode=regular_search&check_in=2024-06-16&check_out=2024-06-21&source_impression_id=p3_1718486065_P3dGLbSMCkd2qC_d&previous_page_section_name=1000&federated_search_id=b94818ae-6166-46f7-aafe-023ff7dcbbb7
Sylhet,https://www.airbnb.com/rooms/617308195562872775?adults=1&children=0&enable_m3_private_room=true&infants=0&pets=0&search_mode=regular_search&check_in=2024-06-16&check_out=2024-06-21&source_impression_id=p3_1718486065_P35KNGaBhsY0Y3NM&previous_page_section_name=1000&federated_search_id=b94818ae-6166-46f7-aafe-023ff7dcbbb7
Sylhet,https://www.airbnb.com/rooms/920925659753348699?adults=1&children=0&enable_m3_private_room=true&infants=0&pets=0&search_mode=regular_search&check_in=2024-06-16&check_out=2024-06-21&source_impression_id=p3_1718486065_P3eLFbihHO5OtahY&previous_page_section_name=1000&federated_search_id=b94818ae-6166-46f7-aafe-023ff7dcbbb7
Sylhet,https://www.airbnb.com/rooms/955361911565385939?adults=1&category_tag=Tag%3A8678&children=0&enable_m3_private_room=true&infants=0&pets=0&photo_id=1717051439&search_mode=regular_search&check_in=2024-06-17&check_out=2024-06-22&source_impression_id=p3_1718486065_P3WymP58v0X6gB_L&previous_page_section_name=1000&federated_search_id=b94818ae-6166-46f7-aafe-023ff7dcbbb7
Sylhet,https://www.airbnb.com/rooms/1034221109598259571?adults=1&children=0&enable_m3_private_room=true&infants=0&pets=0&search_mode=regular_search&check_in=2024-06-16&check_out=2024-06-21&source_impression_id=p3_1718486065_P3ADQfRJSm5NDn4k&previous_page_section_name=1000&federated_search_id=b94818ae-6166-46f7-aafe-023ff7dcbbb7
Sylhet,https://www.airbnb.com/rooms/45629729?adults=1&children=0&enable_m3_private_room=true&infants=0&pets=0&search_mode=regular_search&check_in=2024-06-16&check_out=2024-06-21&source_impression_id=p3_1718486065_P3PuQ4uxK7of4nXv&previous_page_section_name=1000&federated_search_id=b94818ae-6166-46f7-aafe-023ff7dcbbb7
Sylhet,https://www.airbnb.com/rooms/31505305?adults=1&category_tag=Tag%3A8678&children=0&enable_m3_private_room=true&infants=0&pets=0&photo_id=1473453129&search_mode=regular_search&check_in=2024-06-16&check_out=2024-06-21&source_impression_id=p3_1718486065_P3Pev5NUGbX9PicM&previous_page_section_name=1000&federated_search_id=b94818ae-6166-46f7-aafe-023ff7dcbbb7
Sylhet,https://www.airbnb.com/rooms/42892269?adults=1&category_tag=Tag%3A8678&children=0&enable_m3_private_room=true&infants=0&pets=0&photo_id=985705249&search_mode=regular_search&check_in=2024-06-16&check_out=2024-06-21&source_impression_id=p3_1718486065_P3sh9QNxgNM_Pa9L&previous_page_section_name=1000&federated_search_id=b94818ae-6166-46f7-aafe-023ff7dcbbb7
Sylhet,https://www.airbnb.com/rooms/916240496764016514?adults=1&children=0&enable_m3_private_room=true&infants=0&pets=0&search_mode=regular_search&check_in=2024-06-17&check_out=2024-06-22&source_impression_id=p3_1718486067_P3fIpdlWHsxksco0&previous_page_section_name=1000&federated_search_id=96cbb945-0822-4fe5-88b7-a9f4fa6cbe96
Sylhet,https://www.airbnb.com/rooms/35634207?adults=1&children=0&enable_m3_private_room=true&infants=0&pets=0&search_mode=regular_search&check_in=2024-06-16&check_out=2024-06-21&source_impression_id=p3_1718486067_P3urOTfNtD2H3Pd-&previous_page_section_name=1000&federated_search_id=96cbb945-0822-4fe5-88b7-a9f4fa6cbe96
Sylhet,https://www.airbnb.com/rooms/897415487590269926?adults=1&category_tag=Tag%3A8678&children=0&enable_m3_private_room=true&infants=0&pets=0&photo_id=1659530603&search_mode=regular_search&check_in=2024-06-16&check_out=2024-06-21&source_impression_id=p3_1718486067_P3GYXsX_FiGLx5mn&previous_page_section_name=1000&federated_search_id=96cbb945-0822-4fe5-88b7-a9f4fa6cbe96
Sylhet,https://www.airbnb.com/rooms/48979769?adults=1&children=0&enable_m3_private_room=true&infants=0&pets=0&search_mode=regular_search&check_in=2024-06-16&check_out=2024-06-23&source_impression_id=p3_1718486067_P3KYKLCVz_mAKnPN&previous_page_section_name=1000&federated_search_id=96cbb945-0822-4fe5-88b7-a9f4fa6cbe96
Sylhet,https://www.airbnb.com/rooms/1062769184941397942?adults=1&children=0&enable_m3_private_room=true&infants=0&pets=0&search_mode=regular_search&check_in=2024-06-16&check_out=2024-06-21&source_impression_id=p3_1718486067_P3_PZRKlZmv6Zo7Q&previous_page_section_name=1000&federated_search_id=96cbb945-0822-4fe5-88b7-a9f4fa6cbe96
Sylhet,https://www.airbnb.com/rooms/617292990803230197?adults=1&children=0&enable_m3_private_room=true&infants=0&pets=0&search_mode=regular_search&check_in=2024-06-16&check_out=2024-06-21&source_impression_id=p3_1718486067_P3L7t58MMvLJ3fps&previous_page_section_name=1000&federated_search_id=96cbb945-0822-4fe5-88b7-a9f4fa6cbe96
Sylhet,https://www.airbnb.com/rooms/41299272?adults=1&category_tag=Tag%3A8678&children=0&enable_m3_private_room=true&infants=0&pets=0&photo_id=943610035&search_mode=regular_search&check_in=2024-06-16&check_out=2024-06-21&source_impression_id=p3_1718486067_P3fnjsNEtZbMcN2B&previous_page_section_name=1000&federated_search_id=96cbb945-0822-4fe5-88b7-a9f4fa6cbe96
Sylhet,https://www.airbnb.com/rooms/916240487759335794?adults=1&children=0&enable_m3_private_room=true&infants=0&pets=0&search_mode=regular_search&check_in=2024-06-17&check_out=2024-06-22&source_impression_id=p3_1718486067_P3tJLE1OypG0GqDj&previous_page_section_name=1000&federated_search_id=96cbb945-0822-4fe5-88b7-a9f4fa6cbe96
Sylhet,https://www.airbnb.com/rooms/23330207?adults=1&children=0&enable_m3_private_room=true&infants=0&pets=0&search_mode=regular_search&check_in=2024-06-17&check_out=2024-06-22&source_impression_id=p3_1718486067_P3xd0BTUFpJmRbom&previous_page_section_name=1000&federated_search_id=96cbb945-0822-4fe5-88b7-a9f4fa6cbe96
Sylhet,https://www.airbnb.com/rooms/966305711976132304?adults=1&children=0&enable_m3_private_room=true&infants=0&pets=0&search_mode=regular_search&check_in=2024-06-19&check_out=2024-06-24&source_impression_id=p3_1718486067_P3uzNFssfIlmcQhg&previous_page_section_name=1000&federated_search_id=96cbb945-0822-4fe5-88b7-a9f4fa6cbe96
Sylhet,https://www.airbnb.com/rooms/1062274173850807081?adults=1&children=0&enable_m3_private_room=true&infants=0&pets=0&search_mode=regular_search&check_in=2024-06-17&check_out=2024-06-22&source_impression_id=p3_1718486067_P3NsjUiCrYCaX4tO&previous_page_section_name=1000&federated_search_id=96cbb945-0822-4fe5-88b7-a9f4fa6cbe96
Sylhet,https://www.airbnb.com/rooms/1039060031212919004?adults=1&children=0&enable_m3_private_room=true&infants=0&pets=0&search_mode=regular_search&check_in=2024-06-17&check_out=2024-06-22&source_impression_id=p3_1718486067_P380w6VHFUyAcBYP&previous_page_section_name=1000&federated_search_id=96cbb945-0822-4fe5-88b7-a9f4fa6cbe96
Sylhet,https://www.airbnb.com/rooms/16074753?adults=1&children=0&enable_m3_private_room=true&infants=0&pets=0&search_mode=regular_search&check_in=2024-06-16&check_out=2024-06-21&source_impression_id=p3_1718486067_P3pnyODofeTneFJS&previous_page_section_name=1000&federated_search_id=96cbb945-0822-4fe5-88b7-a9f4fa6cbe96
Sylhet,https://www.airbnb.com/rooms/945496374282021238?adults=1&category_tag=Tag%3A8678&children=0&enable_m3_private_room=true&infants=0&pets=0&photo_id=1724400450&search_mode=regular_search&check_in=2025-01-01&check_out=2025-01-06&source_impression_id=p3_1718486067_P3bmpfhNe016rJe7&previous_page_section_name=1000&federated_search_id=96cbb945-0822-4fe5-88b7-a9f4fa6cbe96
Sylhet,https://www.airbnb.com/rooms/1089951401764024707?adults=1&children=0&enable_m3_private_room=true&infants=0&pets=0&search_mode=regular_search&check_in=2024-06-17&check_out=2024-06-22&source_impression_id=p3_1718486067_P3wEAz1f5lyvCpgq&previous_page_section_name=1000&federated_search_id=96cbb945-0822-4fe5-88b7-a9f4fa6cbe96
Sylhet,https://www.airbnb.com/rooms/51438661?adults=1&category_tag=Tag%3A8678&children=0&enable_m3_private_room=true&infants=0&pets=0&photo_id=1230997673&search_mode=regular_search&check_in=2024-06-16&check_out=2024-06-21&source_impression_id=p3_1718486067_P3mSFyDJoP7v7Ea6&previous_page_section_name=1000&federated_search_id=96cbb945-0822-4fe5-88b7-a9f4fa6cbe96
Sylhet,https://www.airbnb.com/rooms/28313011?adults=1&category_tag=Tag%3A8678&children=0&enable_m3_private_room=true&infants=0&pets=0&photo_id=1396061397&search_mode=regular_search&check_in=2024-06-16&check_out=2024-06-21&source_impression_id=p3_1718486067_P3A2DJCA7RNg0fWo&previous_page_section_name=1000&federated_search_id=96cbb945-0822-4fe5-88b7-a9f4fa6cbe96
Sylhet,https://www.airbnb.com/rooms/1000810432549433849?adults=1&category_tag=Tag%3A8678&children=0&enable_m3_private_room=true&infants=0&pets=0&photo_id=1758627605&search_mode=regular_search&check_in=2024-06-17&check_out=2024-06-22&source_impression_id=p3_1718486067_P3MkRRE0S4yg6nzw&previous_page_section_name=1000&federated_search_id=96cbb945-0822-4fe5-88b7-a9f4fa6cbe96
Sylhet,https://www.airbnb.com/rooms/1074041814930841947?adults=1&children=0&enable_m3_private_room=true&infants=0&pets=0&search_mode=regular_search&check_in=2024-06-16&check_out=2024-06-21&source_impression_id=p3_1718486070_P3BXpbNAMCHIV2Ts&previous_page_section_name=1000&federated_search_id=e63206b9-0b4a-4931-9e42-214e97c18417
Sylhet,https://www.airbnb.com/rooms/21077550?adults=1&category_tag=Tag%3A8678&children=0&enable_m3_private_room=true&infants=0&pets=0&photo_id=381658793&search_mode=regular_search&check_in=2024-06-16&check_out=2024-06-21&source_impression_id=p3_1718486070_P3V5eoEVPhkGY0Pb&previous_page_section_name=1000&federated_search_id=e63206b9-0b4a-4931-9e42-214e97c18417
Sylhet,https://www.airbnb.com/rooms/40354914?adults=1&children=0&enable_m3_private_room=true&infants=0&pets=0&search_mode=regular_search&check_in=2024-06-16&check_out=2024-06-21&source_impression_id=p3_1718486070_P360AEbU8WBM5LOH&previous_page_section_name=1000&federated_search_id=e63206b9-0b4a-4931-9e42-214e97c18417
Sylhet,https://www.airbnb.com/rooms/42913024?adults=1&children=0&enable_m3_private_room=true&infants=0&pets=0&search_mode=regular_search&check_in=2024-06-17&check_out=2024-06-22&source_impression_id=p3_1718486070_P3CSv5y9Oe1BFpyw&previous_page_section_name=1000&federated_search_id=e63206b9-0b4a-4931-9e42-214e97c18417
Sylhet,https://www.airbnb.com/rooms/814372730407010359?adults=1&children=0&enable_m3_private_room=true&infants=0&pets=0&search_mode=regular_search&check_in=2024-06-16&check_out=2024-06-21&source_impression_id=p3_1718486070_P3SNFGndX2exXsRR&previous_page_section_name=1000&federated_search_id=e63206b9-0b4a-4931-9e42-214e97c18417
Sylhet,https://www.airbnb.com/rooms/40316202?adults=1&category_tag=Tag%3A8678&children=0&enable_m3_private_room=true&infants=0&pets=0&photo_id=1535609125&search_mode=regular_search&check_in=2024-06-16&check_out=2024-06-21&source_impression_id=p3_1718486070_P3znl3JUHAw0qG_5&previous_page_section_name=1000&federated_search_id=e63206b9-0b4a-4931-9e42-214e97c18417
Sylhet,https://www.airbnb.com/rooms/830398015650109312?adults=1&children=0&enable_m3_private_room=true&infants=0&pets=0&search_mode=regular_search&check_in=2024-06-17&check_out=2024-06-22&source_impression_id=p3_1718486070_P3JQYrXKaGYeM2zn&previous_page_section_name=1000&federated_search_id=e63206b9-0b4a-4931-9e42-214e97c18417
Sylhet,https://www.airbnb.com/rooms/53277534?adults=1&children=0&enable_m3_private_room=true&infants=0&pets=0&search_mode=regular_search&check_in=2024-06-16&check_out=2024-06-21&source_impression_id=p3_1718486070_P3ExWfdjh7ukCgk9&previous_page_section_name=1000&federated_search_id=e63206b9-0b4a-4931-9e42-214e97c18417
Sylhet,https://www.airbnb.com/rooms/39745282?adults=1&children=0&enable_m3_private_room=true&infants=0&pets=0&search_mode=regular_search&check_in=2024-06-16&check_out=2024-06-21&source_impression_id=p3_1718486070_P3J-2q_M__wPJwTb&previous_page_section_name=1000&federated_search_id=e63206b9-0b4a-4931-9e42-214e97c18417
Sylhet,https://www.airbnb.com/rooms/814443652850084575?adults=1&children=0&enable_m3_private_room=true&infants=0&pets=0&search_mode=regular_search&check_in=2024-06-16&check_out=2024-06-21&source_impression_id=p3_1718486070_P3Kaj1DyHtcG5-GS&previous_page_section_name=1000&federated_search_id=e63206b9-0b4a-4931-9e42-214e97c18417
Sylhet,https://www.airbnb.com/rooms/41200797?adults=1&children=0&enable_m3_private_room=true&infants=0&pets=0&search_mode=regular_search&check_in=2024-06-16&check_out=2024-06-21&source_impression_id=p3_1718486070_P3omDamR0chcXeFp&previous_page_section_name=1000&federated_search_id=e63206b9-0b4a-4931-9e42-214e97c18417
Sylhet,https://www.airbnb.com/rooms/695300638317173048?adults=1&children=0&enable_m3_private_room=true&infants=0&pets=0&search_mode=regular_search&check_in=2024-08-21&check_out=2024-08-26&source_impression_id=p3_1718486070_P36_ue0o92f1BKJO&previous_page_section_name=1000&federated_search_id=e63206b9-0b4a-4931-9e42-214e97c18417
Sylhet,https://www.airbnb.com/rooms/957288453529203366?adults=1&category_tag=Tag%3A8678&children=0&enable_m3_private_room=true&infants=0&pets=0&photo_id=1720822946&search_mode=regular_search&check_in=2024-06-17&check_out=2024-06-22&source_impression_id=p3_1718486070_P3-z1T1UQbfGhPfI&previous_page_section_name=1000&federated_search_id=e63206b9-0b4a-4931-9e42-214e97c18417
Sylhet,https://www.airbnb.com/rooms/617313872056387216?adults=1&category_tag=Tag%3A8678&children=0&enable_m3_private_room=true&infants=0&pets=0&photo_id=1391232668&search_mode=regular_search&check_in=2024-06-16&check_out=2024-06-21&source_impression_id=p3_1718486070_P33klSyoVJe19fQe&previous_page_section_name=1000&federated_search_id=e63206b9-0b4a-4931-9e42-214e97c18417
Sylhet,https://www.airbnb.com/rooms/39044559?adults=1&category_tag=Tag%3A8678&children=0&enable_m3_private_room=true&infants=0&pets=0&photo_id=879854591&search_mode=regular_search&check_in=2024-06-16&check_out=2024-06-21&source_impression_id=p3_1718486070_P3ihRDMmNrJvOL_p&previous_page_section_name=1000&federated_search_id=e63206b9-0b4a-4931-9e42-214e97c18417
Sylhet,https://www.airbnb.com/rooms/22252711?adults=1&children=0&enable_m3_private_room=true&infants=0&pets=0&search_mode=regular_search&check_in=2024-06-16&check_out=2024-06-21&source_impression_id=p3_1718486070_P3h-YNa7ARwqij-p&previous_page_section_name=1000&federated_search_id=e63206b9-0b4a-4931-9e42-214e97c18417
Sylhet,https://www.airbnb.com/rooms/45231982?adults=1&children=0&enable_m3_private_room=true&infants=0&pets=0&search_mode=regular_search&check_in=2024-06-16&check_out=2024-06-23&source_impression_id=p3_1718486070_P32PdfqpL7oBk03g&previous_page_section_name=1000&federated_search_id=e63206b9-0b4a-4931-9e42-214e97c18417
Sylhet,https://www.airbnb.com/rooms/53182761?adults=1&children=0&enable_m3_private_room=true&infants=0&pets=0&search_mode=regular_search&check_in=2024-06-16&check_out=2024-06-21&source_impression_id=p3_1718486070_P34MQBaqsTde0qrg&previous_page_section_name=1000&federated_search_id=e63206b9-0b4a-4931-9e42-214e97c18417
Sylhet,https://www.airbnb.com/rooms/53041718?adults=1&children=0&enable_m3_private_room=true&infants=0&pets=0&search_mode=regular_search&check_in=2024-06-16&check_out=2024-06-21&source_impression_id=p3_1718486072_P3XZE5VF3lVWRgTV&previous_page_section_name=1000&federated_search_id=91d65ba8-ffdc-4148-86fb-9849b6092f76
Sylhet,https://www.airbnb.com/rooms/797663134142544507?adults=1&children=0&enable_m3_private_room=true&infants=0&pets=0&search_mode=regular_search&check_in=2024-06-17&check_out=2024-06-22&source_impression_id=p3_1718486072_P3_YPj5mr1EpIKfY&previous_page_section_name=1000&federated_search_id=91d65ba8-ffdc-4148-86fb-9849b6092f76
Sylhet,https://www.airbnb.com/rooms/695263281620101054?adults=1&children=0&enable_m3_private_room=true&infants=0&pets=0&search_mode=regular_search&check_in=2024-08-21&check_out=2024-08-26&source_impression_id=p3_1718486072_P3goC1_9lnnK2Dbj&previous_page_section_name=1000&federated_search_id=91d65ba8-ffdc-4148-86fb-9849b6092f76
Sylhet,https://www.airbnb.com/rooms/40564025?adults=1&category_tag=Tag%3A8678&children=0&enable_m3_private_room=true&infants=0&pets=0&photo_id=924169101&search_mode=regular_search&check_in=2024-06-18&check_out=2024-06-23&source_impression_id=p3_1718486072_P3Goy-xmrQPBUz0Z&previous_page_section_name=1000&federated_search_id=91d65ba8-ffdc-4148-86fb-9849b6092f76
Sylhet,https://www.airbnb.com/rooms/695275422006703724?adults=1&children=0&enable_m3_private_room=true&infants=0&pets=0&search_mode=regular_search&check_in=2024-08-21&check_out=2024-08-26&source_impression_id=p3_1718486072_P3aWen22HKUpAvDM&previous_page_section_name=1000&federated_search_id=91d65ba8-ffdc-4148-86fb-9849b6092f76
Sylhet,https://www.airbnb.com/rooms/47839982?adults=1&category_tag=Tag%3A8678&children=0&enable_m3_private_room=true&infants=0&pets=0&photo_id=1123768918&search_mode=regular_search&check_in=2024-06-16&check_out=2024-06-21&source_impression_id=p3_1718486072_P34hK2Zgfbaoivv3&previous_page_section_name=1000&federated_search_id=91d65ba8-ffdc-4148-86fb-9849b6092f76
Sylhet,https://www.airbnb.com/rooms/936770104557658306?adults=1&children=0&enable_m3_private_room=true&infants=0&pets=0&search_mode=regular_search&check_in=2024-06-16&check_out=2024-06-21&source_impression_id=p3_1718486072_P3nmRXQNn11IsIwO&previous_page_section_name=1000&federated_search_id=91d65ba8-ffdc-4148-86fb-9849b6092f76
Sylhet,https://www.airbnb.com/rooms/30586205?adults=1&children=0&enable_m3_private_room=true&infants=0&pets=0&search_mode=regular_search&check_in=2024-06-17&check_out=2024-06-24&source_impression_id=p3_1718486072_P34P2lae2wS2gAlD&previous_page_section_name=1000&federated_search_id=91d65ba8-ffdc-4148-86fb-9849b6092f76
Sylhet,https://www.airbnb.com/rooms/15056639?adults=1&children=0&enable_m3_private_room=true&infants=0&pets=0&search_mode=regular_search&check_in=2024-06-16&check_out=2024-06-21&source_impression_id=p3_1718486072_P35ojo7Kx_CNmp2o&previous_page_section_name=1000&federated_search_id=91d65ba8-ffdc-4148-86fb-9849b6092f76
Sylhet,https://www.airbnb.com/rooms/42598813?adults=1&children=0&enable_m3_private_room=true&infants=0&pets=0&search_mode=regular_search&check_in=2024-06-16&check_out=2024-06-21&source_impression_id=p3_1718486072_P3lH4BZA8oS8IOxB&previous_page_section_name=1000&federated_search_id=91d65ba8-ffdc-4148-86fb-9849b6092f76
Sylhet,https://www.airbnb.com/rooms/45267638?adults=1&category_tag=Tag%3A8678&children=0&enable_m3_private_room=true&infants=0&pets=0&photo_id=1184476442&search_mode=regular_search&check_in=2024-06-16&check_out=2024-06-21&source_impression_id=p3_1718486072_P3lVKU1jVJJSEoBv&previous_page_section_name=1000&federated_search_id=91d65ba8-ffdc-4148-86fb-9849b6092f76
Sylhet,https://www.airbnb.com/rooms/35401987?adults=1&children=0&enable_m3_private_room=true&infants=0&pets=0&search_mode=regular_search&check_in=2024-06-16&check_out=2024-06-21&source_impression_id=p3_1718486072_P3Q9PL4nQth4gJxL&previous_page_section_name=1000&federated_search_id=91d65ba8-ffdc-4148-86fb-9849b6092f76
Sylhet,https://www.airbnb.com/rooms/41075165?adults=1&children=0&enable_m3_private_room=true&infants=0&pets=0&search_mode=regular_search&check_in=2024-06-16&check_out=2024-06-21&source_impression_id=p3_1718486072_P3O0hgs81jxAX4Jm&previous_page_section_name=1000&federated_search_id=91d65ba8-ffdc-4148-86fb-9849b6092f76
Sylhet,https://www.airbnb.com/rooms/797663134142544507?adults=1&children=0&enable_m3_private_room=true&infants=0&pets=0&search_mode=regular_search&check_in=2024-06-17&check_out=2024-06-22&source_impression_id=p3_1718486072_P3_YPj5mr1EpIKfY&previous_page_section_name=1000&federated_search_id=91d65ba8-ffdc-4148-86fb-9849b6092f76
Moulvibazar,https://www.airbnb.com/rooms/1155492455022731532?adults=1&category_tag=Tag%3A8678&children=0&enable_m3_private_room=true&infants=0&pets=0&photo_id=1907392388&search_mode=regular_search&check_in=2024-06-16&check_out=2024-06-21&source_impression_id=p3_1718486092_P3kfQPs1qqF54KUX&previous_page_section_name=1000&federated_search_id=a55b4b8a-39d7-4713-9741-06ebd5a8659d
Moulvibazar,https://www.airbnb.com/rooms/796248458352754225?adults=1&children=0&enable_m3_private_room=true&infants=0&pets=0&search_mode=regular_search&check_in=2024-06-16&check_out=2024-06-21&source_impression_id=p3_1718486098_P3wFBXA50zNq508p&previous_page_section_name=1000&federated_search_id=72d01a75-1e5c-4d84-a107-777536c79b55
Moulvibazar,https://www.airbnb.com/rooms/52608184?adults=1&children=0&enable_m3_private_room=true&infants=0&pets=0&search_mode=regular_search&check_in=2024-06-16&check_out=2024-06-21&source_impression_id=p3_1718486098_P3nR5gg0uuZs-JHI&previous_page_section_name=1000&federated_search_id=72d01a75-1e5c-4d84-a107-777536c79b55
Moulvibazar,https://www.airbnb.com/rooms/837634624542629821?adults=1&children=0&enable_m3_private_room=true&infants=0&pets=0&search_mode=regular_search&check_in=2024-06-16&check_out=2024-06-21&source_impression_id=p3_1718486098_P3kS2Uz9N_N1J2uM&previous_page_section_name=1000&federated_search_id=72d01a75-1e5c-4d84-a107-777536c79b55
Moulvibazar,https://www.airbnb.com/rooms/1139650557524801038?adults=1&category_tag=Tag%3A8678&children=0&enable_m3_private_room=true&infants=0&pets=0&photo_id=1888928191&search_mode=regular_search&check_in=2024-06-17&check_out=2024-06-22&source_impression_id=p3_1718486098_P3YA4ZUM--wohTvv&previous_page_section_name=1000&federated_search_id=72d01a75-1e5c-4d84-a107-777536c79b55
Moulvibazar,https://www.airbnb.com/rooms/738163332178126546?adults=1&children=0&enable_m3_private_room=true&infants=0&pets=0&search_mode=regular_search&check_in=2024-06-16&check_out=2024-06-21&source_impression_id=p3_1718486098_P3ZYOhKmL5FjDNk4&previous_page_section_name=1000&federated_search_id=72d01a75-1e5c-4d84-a107-777536c79b55
Moulvibazar,https://www.airbnb.com/rooms/52315422?adults=1&category_tag=Tag%3A8678&children=0&enable_m3_private_room=true&infants=0&pets=0&photo_id=1255486423&search_mode=regular_search&check_in=2024-06-16&check_out=2024-06-21&source_impression_id=p3_1718486098_P33vIDAP8LSqbM3_&previous_page_section_name=1000&federated_search_id=72d01a75-1e5c-4d84-a107-777536c79b55
Moulvibazar,https://www.airbnb.com/rooms/24467075?adults=1&category_tag=Tag%3A8678&children=0&enable_m3_private_room=true&infants=0&pets=0&photo_id=480954456&search_mode=regular_search&check_in=2024-06-16&check_out=2024-06-21&source_impression_id=p3_1718486098_P3sPrc6hsHDtIzIk&previous_page_section_name=1000&federated_search_id=72d01a75-1e5c-4d84-a107-777536c79b55
Moulvibazar,https://www.airbnb.com/rooms/869484612214553732?adults=1&children=0&enable_m3_private_room=true&infants=0&pets=0&search_mode=regular_search&check_in=2024-06-16&check_out=2024-06-21&source_impression_id=p3_1718486098_P36ilJMYvLwq6um1&previous_page_section_name=1000&federated_search_id=72d01a75-1e5c-4d84-a107-777536c79b55
Moulvibazar,https://www.airbnb.com/rooms/1084905709113130482?adults=1&children=0&enable_m3_private_room=true&infants=0&pets=0&search_mode=regular_search&check_in=2024-06-17&check_out=2024-06-22&source_impression_id=p3_1718486098_P3-OTpxuFiCIrpJZ&previous_page_section_name=1000&federated_search_id=72d01a75-1e5c-4d84-a107-777536c79b55
Moulvibazar,https://www.airbnb.com/rooms/937283573415718397?adults=1&children=0&enable_m3_private_room=true&infants=0&pets=0&search_mode=regular_search&check_in=2024-06-16&check_out=2024-06-21&source_impression_id=p3_1718486098_P3l99GgU0-1VhdNi&previous_page_section_name=1000&federated_search_id=72d01a75-1e5c-4d84-a107-777536c79b55
Moulvibazar,https://www.airbnb.com/rooms/834584179652658572?adults=1&category_tag=Tag%3A8678&children=0&enable_m3_private_room=true&infants=0&pets=0&photo_id=1595191822&search_mode=regular_search&check_in=2024-06-16&check_out=2024-06-21&source_impression_id=p3_1718486098_P3QD-KSoM_x6VmNR&previous_page_section_name=1000&federated_search_id=72d01a75-1e5c-4d84-a107-777536c79b55
Moulvibazar,https://www.airbnb.com/rooms/944842519453167579?adults=1&children=0&enable_m3_private_room=true&infants=0&pets=0&search_mode=regular_search&check_in=2024-06-17&check_out=2024-06-22&source_impression_id=p3_1718486098_P3uIvTfd2stJnAmc&previous_page_section_name=1000&federated_search_id=72d01a75-1e5c-4d84-a107-777536c79b55
Moulvibazar,https://www.airbnb.com/rooms/43952438?adults=1&category_tag=Tag%3A8678&children=0&enable_m3_private_room=true&infants=0&pets=0&photo_id=1026152439&search_mode=regular_search&check_in=2024-06-16&check_out=2024-06-21&source_impression_id=p3_1718486098_P3SmpXyPZvozVZNj&previous_page_section_name=1000&federated_search_id=72d01a75-1e5c-4d84-a107-777536c79b55
Moulvibazar,https://www.airbnb.com/rooms/845080325882681026?adults=1&children=0&enable_m3_private_room=true&infants=0&pets=0&search_mode=regular_search&check_in=2024-06-16&check_out=2024-06-21&source_impression_id=p3_1718486098_P3HD4y7hqZpfr0JX&previous_page_section_name=1000&federated_search_id=72d01a75-1e5c-4d84-a107-777536c79b55
Moulvibazar,https://www.airbnb.com/rooms/24479957?adults=1&children=0&enable_m3_private_room=true&infants=0&pets=0&search_mode=regular_search&check_in=2024-06-16&check_out=2024-06-21&source_impression_id=p3_1718486098_P3DDwxHXH0_BKGS8&previous_page_section_name=1000&federated_search_id=72d01a75-1e5c-4d84-a107-777536c79b55
Moulvibazar,https://www.airbnb.com/rooms/33549091?adults=1&children=0&enable_m3_private_room=true&infants=0&pets=0&search_mode=regular_search&check_in=2024-06-18&check_out=2024-06-25&source_impression_id=p3_1718486098_P3f7yjQptJCb2Q2W&previous_page_section_name=1000&federated_search_id=72d01a75-1e5c-4d84-a107-777536c79b55
Moulvibazar,https://www.airbnb.com/rooms/24338517?adults=1&children=0&enable_m3_private_room=true&infants=0&pets=0&search_mode=regular_search&check_in=2024-06-18&check_out=2024-06-23&source_impression_id=p3_1718486098_P3PK6ES8eux1XGJH&previous_page_section_name=1000&federated_search_id=72d01a75-1e5c-4d84-a107-777536c79b55
Moulvibazar,https://www.airbnb.com/rooms/24463252?adults=1&category_tag=Tag%3A8678&children=0&enable_m3_private_room=true&infants=0&pets=0&photo_id=480855878&search_mode=regular_search&check_in=2024-06-16&check_out=2024-06-21&source_impression_id=p3_1718486098_P3SaagY6E3AnLwvK&previous_page_section_name=1000&federated_search_id=72d01a75-1e5c-4d84-a107-777536c79b55
Moulvibazar,https://www.airbnb.com/rooms/35747350?adults=1&category_tag=Tag%3A8678&children=0&enable_m3_private_room=true&infants=0&pets=0&photo_id=782477836&search_mode=regular_search&check_in=2024-06-19&check_out=2024-06-24&source_impression_id=p3_1718486101_P31NJe69hXeaRhdw&previous_page_section_name=1000&federated_search_id=62af1f10-006f-4e77-b0f1-cae18e2367dc
Moulvibazar,https://www.airbnb.com/rooms/30884771?adults=1&children=0&enable_m3_private_room=true&infants=0&pets=0&search_mode=regular_search&check_in=2024-06-17&check_out=2024-06-22&source_impression_id=p3_1718486101_P3_Q_MmFPuTnCEiJ&previous_page_section_name=1000&federated_search_id=62af1f10-006f-4e77-b0f1-cae18e2367dc
Moulvibazar,https://www.airbnb.com/rooms/30884771?adults=1&children=0&enable_m3_private_room=true&infants=0&pets=0&search_mode=regular_search&check_in=2024-06-17&check_out=2024-06-22&source_impression_id=p3_1718486101_P3_Q_MmFPuTnCEiJ&previous_page_section_name=1000&federated_search_id=62af1f10-006f-4e77-b0f1-cae18e2367dc
Habiganj,https://www.airbnb.com/rooms/682490025079629783?adults=1&children=0&enable_m3_private_room=true&infants=0&pets=0&search_mode=regular_search&check_in=2024-06-16&check_out=2024-06-22&source_impression_id=p3_1718486111_P3kxP_66vDJXtSZA&previous_page_section_name=1000&federated_search_id=e586a46d-baae-4e76-8a52-8142652cdc44
Habiganj,https://www.airbnb.com/rooms/1139664615102353038?adults=1&category_tag=Tag%3A8678&children=0&enable_m3_private_room=true&infants=0&pets=0&photo_id=1888934682&search_mode=regular_search&check_in=2024-06-17&check_out=2024-06-22&source_impression_id=p3_1718486111_P36zTRzbbYIpynfb&previous_page_section_name=1000&federated_search_id=e586a46d-baae-4e76-8a52-8142652cdc44
Habiganj,https://www.airbnb.com/rooms/941811172666490065?adults=1&children=0&enable_m3_private_room=true&infants=0&pets=0&search_mode=regular_search&check_in=2024-06-16&check_out=2024-06-21&source_impression_id=p3_1718486111_P3lVWJxpMNZgei8r&previous_page_section_name=1000&federated_search_id=e586a46d-baae-4e76-8a52-8142652cdc44
Habiganj,https://www.airbnb.com/rooms/878146874284477876?adults=1&children=0&enable_m3_private_room=true&infants=0&pets=0&search_mode=regular_search&check_in=2024-06-16&check_out=2024-06-21&source_impression_id=p3_1718486111_P3ExDQES4sH-EeRy&previous_page_section_name=1000&federated_search_id=e586a46d-baae-4e76-8a52-8142652cdc44
Habiganj,https://www.airbnb.com/rooms/1139650557524801038?adults=1&category_tag=Tag%3A8678&children=0&enable_m3_private_room=true&infants=0&pets=0&photo_id=1888928191&search_mode=regular_search&check_in=2024-06-17&check_out=2024-06-22&source_impression_id=p3_1718486111_P3jvfY4u003VGLDf&previous_page_section_name=1000&federated_search_id=e586a46d-baae-4e76-8a52-8142652cdc44
Habiganj,https://www.airbnb.com/rooms/24338517?adults=1&children=0&enable_m3_private_room=true&infants=0&pets=0&search_mode=regular_search&check_in=2024-06-18&check_out=2024-06-23&source_impression_id=p3_1718486111_P3TVFqDrWNQ_aGzO&previous_page_section_name=1000&federated_search_id=e586a46d-baae-4e76-8a52-8142652cdc44
Habiganj,https://www.airbnb.com/rooms/796248458352754225?adults=1&children=0&enable_m3_private_room=true&infants=0&pets=0&search_mode=regular_search&check_in=2024-06-16&check_out=2024-06-21&source_impression_id=p3_1718486111_P3MCxDHWo5lySviF&previous_page_section_name=1000&federated_search_id=e586a46d-baae-4e76-8a52-8142652cdc44
Sunamganj,https://www.airbnb.com/rooms/829960640043152335?adults=1&children=0&enable_m3_private_room=true&infants=0&pets=0&search_mode=regular_search&check_in=2024-07-04&check_out=2024-07-09&source_impression_id=p3_1718486117_P3HmWCgBlzQN1_dY&previous_page_section_name=1000&federated_search_id=f48d46da-e85f-44a9-be38-19fd4fe2cd74
Sunamganj,https://www.airbnb.com/rooms/701365503325103412?adults=1&children=0&enable_m3_private_room=true&infants=0&pets=0&search_mode=regular_search&check_in=2024-06-16&check_out=2024-06-21&source_impression_id=p3_1718486126_P3jFBWBw4C856kj5&previous_page_section_name=1000&federated_search_id=45d5f5d4-ffcc-4aea-b2e0-408f3879d77f
Sunamganj,https://www.airbnb.com/rooms/744787593273797274?adults=1&children=0&enable_m3_private_room=true&infants=0&pets=0&search_mode=regular_search&check_in=2024-06-16&check_out=2024-06-21&source_impression_id=p3_1718486126_P3YohOfVcGqfRcpR&previous_page_section_name=1000&federated_search_id=45d5f5d4-ffcc-4aea-b2e0-408f3879d77f
Sunamganj,https://www.airbnb.com/rooms/52846799?adults=1&children=0&enable_m3_private_room=true&infants=0&pets=0&search_mode=regular_search&check_in=2024-06-16&check_out=2024-06-21&source_impression_id=p3_1718486127_P3-gjezvuWO6S1M0&previous_page_section_name=1000&federated_search_id=45d5f5d4-ffcc-4aea-b2e0-408f3879d77f
Sunamganj,https://www.airbnb.com/rooms/1104787695833671760?adults=1&children=0&enable_m3_private_room=true&infants=0&pets=0&search_mode=regular_search&check_in=2024-06-17&check_out=2024-06-22&source_impression_id=p3_1718486127_P3d8HGMp5_35jw_0&previous_page_section_name=1000&federated_search_id=45d5f5d4-ffcc-4aea-b2e0-408f3879d77f
Sunamganj,https://www.airbnb.com/rooms/40237662?adults=1&children=0&enable_m3_private_room=true&infants=0&pets=0&search_mode=regular_search&check_in=2024-06-16&check_out=2024-06-21&source_impression_id=p3_1718486127_P3UPh2zGQ1-e8Bwn&previous_page_section_name=1000&federated_search_id=45d5f5d4-ffcc-4aea-b2e0-408f3879d77f
Sunamganj,https://www.airbnb.com/rooms/1036158714057244453?adults=1&category_tag=Tag%3A8678&children=0&enable_m3_private_room=true&infants=0&pets=0&photo_id=1791783016&search_mode=regular_search&check_in=2024-07-01&check_out=2024-07-06&source_impression_id=p3_1718486127_P3cj-XUdcN7zchkn&previous_page_section_name=1000&federated_search_id=45d5f5d4-ffcc-4aea-b2e0-408f3879d77f
Sunamganj,https://www.airbnb.com/rooms/31489075?adults=1&category_tag=Tag%3A8678&children=0&enable_m3_private_room=true&infants=0&pets=0&photo_id=655334007&search_mode=regular_search&check_in=2024-06-21&check_out=2024-06-26&source_impression_id=p3_1718486127_P3-5jJShqGQ4jG5R&previous_page_section_name=1000&federated_search_id=45d5f5d4-ffcc-4aea-b2e0-408f3879d77f
Sunamganj,https://www.airbnb.com/rooms/31489454?adults=1&category_tag=Tag%3A8678&children=0&enable_m3_private_room=true&infants=0&pets=0&photo_id=655345955&search_mode=regular_search&check_in=2024-06-28&check_out=2024-07-03&source_impression_id=p3_1718486127_P324zFPBUPOGGKJE&previous_page_section_name=1000&federated_search_id=45d5f5d4-ffcc-4aea-b2e0-408f3879d77f
Sunamganj,https://www.airbnb.com/rooms/893265695839844196?adults=1&children=0&enable_m3_private_room=true&infants=0&pets=0&search_mode=regular_search&check_in=2024-06-17&check_out=2024-06-22&source_impression_id=p3_1718486127_P3f3TGB_BOviJ6Qo&previous_page_section_name=1000&federated_search_id=45d5f5d4-ffcc-4aea-b2e0-408f3879d77f
Sunamganj,https://www.airbnb.com/rooms/1057526177653889795?adults=1&category_tag=Tag%3A8678&children=0&enable_m3_private_room=true&infants=0&pets=0&photo_id=1810401248&search_mode=regular_search&check_in=2024-06-17&check_out=2024-06-22&source_impression_id=p3_1718486127_P3oDEEiaUlPWD__W&previous_page_section_name=1000&federated_search_id=45d5f5d4-ffcc-4aea-b2e0-408f3879d77f
Sunamganj,https://www.airbnb.com/rooms/1000817136307055003?adults=1&children=0&enable_m3_private_room=true&infants=0&pets=0&search_mode=regular_search&check_in=2024-06-17&check_out=2024-06-22&source_impression_id=p3_1718486127_P335AZxb3glyIvaA&previous_page_section_name=1000&federated_search_id=45d5f5d4-ffcc-4aea-b2e0-408f3879d77f
Sunamganj,https://www.airbnb.com/rooms/33173899?adults=1&children=0&enable_m3_private_room=true&infants=0&pets=0&search_mode=regular_search&check_in=2024-06-18&check_out=2024-06-23&source_impression_id=p3_1718486127_P34lfiQ0e_SfZd9x&previous_page_section_name=1000&federated_search_id=45d5f5d4-ffcc-4aea-b2e0-408f3879d77f
Sunamganj,https://www.airbnb.com/rooms/1066574671740584517?adults=1&category_tag=Tag%3A8678&children=0&enable_m3_private_room=true&infants=0&pets=0&photo_id=1818270151&search_mode=regular_search&check_in=2024-07-01&check_out=2024-07-06&source_impression_id=p3_1718486127_P3QXKldBo6RVqMq9&previous_page_section_name=1000&federated_search_id=45d5f5d4-ffcc-4aea-b2e0-408f3879d77f
Sunamganj,https://www.airbnb.com/rooms/833080639903651166?adults=1&children=0&enable_m3_private_room=true&infants=0&pets=0&search_mode=regular_search&check_in=2024-06-16&check_out=2024-06-21&source_impression_id=p3_1718486127_P3pE7uuYktW-dPwO&previous_page_section_name=1000&federated_search_id=45d5f5d4-ffcc-4aea-b2e0-408f3879d77f
Sunamganj,https://www.airbnb.com/rooms/16504512?adults=1&category_tag=Tag%3A8678&children=0&enable_m3_private_room=true&infants=0&pets=0&photo_id=679104802&search_mode=regular_search&check_in=2024-06-16&check_out=2024-06-21&source_impression_id=p3_1718486127_P3K8Txh7xb9xOjjp&previous_page_section_name=1000&federated_search_id=45d5f5d4-ffcc-4aea-b2e0-408f3879d77f
Sunamganj,https://www.airbnb.com/rooms/995610583080247714?adults=1&category_tag=Tag%3A8678&children=0&enable_m3_private_room=true&infants=0&pets=0&photo_id=1753341533&search_mode=regular_search&check_in=2024-06-16&check_out=2024-06-21&source_impression_id=p3_1718486127_P3L_rYW4U8oV37T1&previous_page_section_name=1000&federated_search_id=45d5f5d4-ffcc-4aea-b2e0-408f3879d77f
Sunamganj,https://www.airbnb.com/rooms/744787593273797274?adults=1&children=0&enable_m3_private_room=true&infants=0&pets=0&search_mode=regular_search&check_in=2024-06-16&check_out=2024-06-21&source_impression_id=p3_1718486126_P3YohOfVcGqfRcpR&previous_page_section_name=1000&federated_search_id=45d5f5d4-ffcc-4aea-b2e0-408f3879d77f
